{"stat.useItem.351":95,"stat.useItem.152":30,"stat.useItem.66":44,"stat.useItem.155":52,"stat.useItem.67":11,"stat.walkOneCm":29659,"stat.useItem.156":53,"stat.leaveGame":4,"stat.useItem.28":4,"stat.useItem.160":27,"stat.jump":121,"stat.swimOneCm":674,"stat.useItem.324":1,"stat.useItem.126":145,"achievement.exploreAllBiomes":{"value":0,"progress":["Plains"]},"stat.useItem.171":76,"stat.useItem.170":32,"stat.useItem.173":2,"stat.useItem.175":47,"stat.useItem.86":14,"stat.useItem.44":307,"stat.useItem.134":78,"stat.useItem.85":71,"stat.useItem.139":28,"achievement.openInventory":63,"stat.useItem.98":159,"stat.flyOneCm":820500,"stat.drop":4,"stat.useItem.50":21,"stat.useItem.103":13,"stat.playOneMinute":75926,"stat.useItem.4":97,"stat.useItem.109":207,"stat.useItem.5":152,"stat.useItem.3":28,"stat.useItem.17":168,"stat.useItem.390":32}